<?xml version="1.0" encoding="UTF-8"?>
<project-private xmlns="http://www.netbeans.org/ns/project-private/1">
    <editor-bookmarks xmlns="http://www.netbeans.org/ns/editor-bookmarks/2" lastBookmarkId="0"/>
    <open-files xmlns="http://www.netbeans.org/ns/projectui-open-files/2">
        <group>
            <file>file:/D:/zaloha2014_2/josef.priskin/PhpstormProjects/GEISPOINT/js/front.js</file>
            <file>file:/D:/zaloha2014_2/josef.priskin/PhpstormProjects/GEISPOINT/export.php</file>
            <file>file:/D:/zaloha2014_2/josef.priskin/PhpstormProjects/GEISPOINT/upgrade/upgrade-1.1.0.php</file>
            <file>file:/D:/zaloha2014_2/josef.priskin/PhpstormProjects/GEISPOINT/css/back.css</file>
            <file>file:/D:/zaloha2014_2/josef.priskin/PhpstormProjects/GEISPOINT/webService/GeisPointWebService.php</file>
            <file>file:/D:/zaloha2014_2/josef.priskin/PhpstormProjects/GEISPOINT/AdminOrderGeispoint.php</file>
            <file>file:/D:/zaloha2014_2/josef.priskin/PhpstormProjects/GEISPOINT/css/semantic.min.css</file>
            <file>file:/D:/zaloha2014_2/josef.priskin/PhpstormProjects/GEISPOINT/webService/GeisPointModel.php</file>
            <file>file:/D:/zaloha2014_2/josef.priskin/PhpstormProjects/GEISPOINT/config.xml</file>
            <file>file:/D:/zaloha2014_2/josef.priskin/PhpstormProjects/GEISPOINT/css/front.css</file>
            <file>file:/D:/zaloha2014_2/josef.priskin/PhpstormProjects/GEISPOINT/geispoint.php</file>
        </group>
    </open-files>
</project-private>
